{
  "__schema": {
    "types": [
      {
        "kind": "INTERFACE",
        "name": "GuildChannel",
        "possibleTypes": [
          { "name": "CategoryChannel" },
          { "name": "TextChannel" },
          { "name": "VoiceChannel" }
        ]
      },
      {
        "kind": "INTERFACE",
        "name": "Message",
        "possibleTypes": [
          { "name": "JoinMessage" },
          { "name": "PinnedMessage" },
          { "name": "TextMessage" }
        ]
      },
      {
        "kind": "INTERFACE",
        "name": "User",
        "possibleTypes": [
          { "name": "GuestMember" },
          { "name": "GuildMember" },
          { "name": "Member" }
        ]
      },
      {
        "kind": "INTERFACE",
        "name": "SubFilter",
        "possibleTypes": [
          { "name": "MessageSub" },
          { "name": "MessageUpdateSub" },
          { "name": "MessageDeleteSub" }
        ]
      },
      {
        "kind": "INTERFACE",
        "name": "Emoji",
        "possibleTypes": [{ "name": "CustomEmoji" }, { "name": "TextEmoji" }]
      }
    ]
  }
}
